Country/area,Technology,Indicator,2000,2001,2002,2003,2004,2005,2006,2007,2008,2009,2010,2011,2012,2013,2014,2015,2016,2017,2018,2019
Algeria,Total renewable energy,Electricity generation (GWh),54,69,57.4,265.2,251.1,555.261,217.57,226.08,282.715,342,172.88,481.339,582.633,291.017,391.333,326.507,430.5,635.111,782.185,841.735
Angola,Total renewable energy,Electricity generation (GWh),900.29,1010.322,1130.519,1230.925,1730.932,2201.172,2541.394,2883.986,3188.942,3343.127,3695.668,4053.875,3853.466,3653.89,5092.914,5100.199,6459.397,9062.444,11541.193,12780.568
Benin,Total renewable energy,Electricity generation (GWh),1.634,1.569,1.519,1.694,1.489,0.752,0,0,0.362,0.241,0,0,0.348,0,0.495,6.46,5.337,5.409,5.409,5.41
Botswana,Total renewable energy,Electricity generation (GWh),0,0,0,0,0,0,0,0,0,0,0.238,0.289,1.092,2.376,2.891,3.326,5.238,5.446,6.319,6.27
Burkina Faso,Total renewable energy,Electricity generation (GWh),99.068,54.582,64.555,96.992,103.259,102.373,82.568,114.017,139.632,137.197,123.338,91.349,106.046,115.793,101.923,106.762,155.985,158.08,190.539,209.157
Burundi,Total renewable energy,Electricity generation (GWh),102.741,116.595,128.698,104.162,94.604,102.458,158.511,203.521,218.328,206.987,234.566,247.052,259.218,259.952,250.844,246.752,284.949,273.221,254.049,254.049
Cabo Verde,Total renewable energy,Electricity generation (GWh),4.549,3.749,5.662,5.366,6.43,6.45,7.441,6.869,5.51,4.661,4.097,24.561,70.494,83.259,89.207,85.021,82.569,74.928,89.352,82.78
Cameroon,Total renewable energy,Electricity generation (GWh),3442,3474,3182,3528.137,3920.137,3772.137,3892.137,3847.275,4232.275,4016.687,4261.374,4388.718,4259.897,4377.626,4380.374,4382.848,4385.046,5105.833,5109.4,5109.4
Cent Afr Rep,Total renewable energy,Electricity generation (GWh),85.3,84.3,84.3,85.3,126.3,135.442,141.442,138.442,126.442,139.442,140.442,141.584,141.726,141.726,141.726,141.726,136.026,136.026,136.026,136.026
Chad,Total renewable energy,Electricity generation (GWh),0,0,0,0,0,0,0,0,0,0,0.004,0.004,0.005,0.084,0.084,0.288,9.189,9.189,9.218,9.218
Comoros,Total renewable energy,Electricity generation (GWh),0,0,3,4,5,5,5,5,5,5,5,5,5,5,5,0,0,0,0,0
Congo DR,Total renewable energy,Electricity generation (GWh),6225.413,6214.148,6355.615,6221.724,7160.658,7475.172,7511.943,7879.269,7529.487,7940.268,7811.583,7481.037,7861.562,8679.427,9074.044,9168.45,9232.852,9814.311,9847.628,9883.403
Congo Rep,Total renewable energy,Electricity generation (GWh),58,334.45,396.33,342.03,329.63,355.37,372.3,334.6,375.3,329.6,429.8,790.928,987.328,954.156,1038.356,1098.776,1132.476,1203.614,1046.902,1046.902
Cote d Ivoire,Total renewable energy,Electricity generation (GWh),1764,1800,1729,1832.1,1748.1,1433.1,1510.2,1797.2,1898.2,2131.5,1619.5,1775.9,1791.1,1608.07,1916.6,1356.4,1534.2,2054,2968.8,3492.1
Djibouti,Total renewable energy,Electricity generation (GWh),0,0,0,0,0,0,0,0,0,0,0,0,0.5,0.5,0.5,0.5,0.6,0.6,0.6,0.6
Egypt,Total renewable energy,Electricity generation (GWh),14104.609,15633.595,13405.668,13411.242,13733.742,13516.279,13832.46,13914.086,16700.241,15954.152,14373.703,15114.198,15325.026,14734.362,15156.974,15638.391,16160.085,15972.514,15941.8,17968.608
Eq Guinea,Total renewable energy,Electricity generation (GWh),7,7,7,7,7,7,7,7,7,7,7,7,67,127,127,127,127,127,127,127
Eritrea,Total renewable energy,Electricity generation (GWh),0,0,0,0,0,0,0,0.203,2.003,2.003,2.008,2.009,2.043,2.066,17.034,17.034,17.704,21.53,35.877,40.181
Eswatini,Total renewable energy,Electricity generation (GWh),278.587,297.185,305.895,317.872,328.035,317.553,341.65,370.352,353.586,396.63,414.871,458.383,459.183,423.595,461.255,428.926,338.177,307.308,375.278,411.278
Ethiopia,Total renewable energy,Electricity generation (GWh),1720.848,2062.079,2078.033,2334.469,2573.967,2890.322,3318.848,3427.639,3310.975,3556.167,4975.164,6330.139,7604.35,8732.634,7395.79,9563.462,10509,12580.114,13259.114,14552.808
Gabon,Total renewable energy,Electricity generation (GWh),1172.788,1172.876,1236.375,1249.657,788.662,804.23,862.936,899.336,966.86,947.031,909.987,842.908,910.988,938.621,796.855,922.22,825.527,918.527,985.527,985.527
Gambia,Total renewable energy,Electricity generation (GWh),0,0.019,0.108,0.334,0.627,1.03,1.16,1.863,2.245,2.692,3.125,3.604,3.273,3.331,3.457,3.552,3.568,3.572,3.572,3.572
Ghana,Total renewable energy,Electricity generation (GWh),6622.5,6622.5,5049.5,3899.5,5294.5,5642.5,5628.6,3736.6,6210.8,6892.8,7011.8,7576.8,8086.8,8252.493,8413.603,5877.546,5620.605,5683.558,6105.581,7369.392
Guinea,Total renewable energy,Electricity generation (GWh),511,552,595,400,555,459.869,459.869,459.869,494.589,463.047,148.848,141.958,245.721,159.132,440.674,907.967,1114.367,1241.548,1211.617,1309.617
Guinea Bissau,Total renewable energy,Electricity generation (GWh),0,0,0,0,0,0,0,0,0,0,0,0,0,0,0,0.504,0.504,0.504,1.889,1.889
Kenya,Total renewable energy,Electricity generation (GWh),2364.43,2394.571,3285.682,3861.431,4069.145,4062.933,4300.699,4572.498,4440.141,3923.187,4403.643,5136.767,5722.156,6291.729,7084.305,8338.57,8567.313,8409.509,8919.052,9332.93
Lesotho,Total renewable energy,Electricity generation (GWh),367.131,371.004,397.745,408.041,403.858,457.224,481.616,507.347,503.383,505.297,500.58,468.461,494.169,474.268,504.69,517.544,521.385,516.637,518.312,503.112
Liberia,Total renewable energy,Electricity generation (GWh),21,21,21,21,21,21,21,21,21,21,21.007,21.007,21.056,21.056,21.056,21.081,21.083,127.376,127.624,127.624
Libya,Total renewable energy,Electricity generation (GWh),0,0,0,0.318,1.113,1.908,2.703,3.498,4.293,5.088,5.883,6.678,7.791,7.791,7.791,7.791,7.791,7.791,7.791,7.791
Madagascar,Total renewable energy,Electricity generation (GWh),539.649,563.975,535.415,611.685,637.176,648.077,638.442,719.815,701.079,742.637,714.261,694.519,715.407,736.27,820.749,951.504,906.708,807.386,1023.588,938.677
Malawi,Total renewable energy,Electricity generation (GWh),1072.001,1096.665,1150.658,1223.622,1301.766,1364.939,1398.421,1426.956,1667.83,1812.805,1890.992,1932.682,1928.818,1923.984,2033.592,2031.911,2020.338,1915.169,1457.103,1458.223
Mali,Total renewable energy,Electricity generation (GWh),245.141,360.419,788.88,1082.835,1022.491,1027.582,1020.287,1059.329,1093.865,1036.802,1074.51,1126.999,1236.868,1467.443,1524.412,1556.431,1673.856,1733.401,1733.401,1733.474
Mauritania,Total renewable energy,Electricity generation (GWh),0,0,0,0,0,0,0,0,0,0,0,0,0,39.136,43.378,130.33,163.087,165.143,252.223,282.986
Mauritius,Total renewable energy,Electricity generation (GWh),525.743,548.065,537.735,566.601,592.275,568.194,522.795,552.178,594.807,608.942,577.316,548.942,566.833,593.961,596.16,680.6,663.5,623.7,648.7,701.8
Mayotte,Total renewable energy,Electricity generation (GWh),0,0,0,0,0,0,0,0,0.233,1.28,6.095,13.854,14.549,14.627,14.735,14.735,14.837,16.863,16.863,16.863
Morocco,Total renewable energy,Electricity generation (GWh),782.64,1076.7,1045.14,1653.98,1801.12,1182.9,1178.96,1195.034,1229.414,2976.034,4148.268,2740.165,2436.865,4219.065,3644.276,4453.616,4708.313,4719.55,6568.992,7626.253
Mozambique,Total renewable energy,Electricity generation (GWh),8843.946,11854.512,12705.725,10908.816,11705.465,13308.94,14758.206,16104.213,15163.023,16994.14,16695.408,16550.327,14927.405,14719.249,16258.352,17154.323,15669.246,14124.113,13970.795,14892.07
Namibia,Total renewable energy,Electricity generation (GWh),1310.804,1321.139,1461.79,1436.902,1520.939,1631.029,1588.569,1577.61,1537.115,1404.842,1375.958,1550.962,1508.39,1442.432,1548.421,1517.921,1597.921,1525.945,1336.666,1654.274
Niger,Total renewable energy,Electricity generation (GWh),0.8,1,1,1.1,1.3,1.6,1.8,1.8,2,2,3.4,4.9,6.5,8.2,9.8,11.4,13.1,14.8,32.7,32.7
Nigeria,Total renewable energy,Electricity generation (GWh),6454.2,6206.13,6403.09,7765.36,8099.48,13082.79,10603.45,7788.6,7455.6,7451.6,7207.4,5242.49,5344.54,6163.366,6189.161,6470.829,8203.018,7796.022,7747.137,8495.594
Reunion,Total renewable energy,Electricity generation (GWh),821,752,835,862,869.08,771.6,854.7,910.6,919.9,851.3,911.1,831.5,973.3,1062.7,941.7,1043.7,1003.7,967.1,1078.8,950.9
Rwanda,Total renewable energy,Electricity generation (GWh),105.8,90.07,99.11,118.6,85.48,100.413,128.207,124.316,158.161,163.21,192.607,224.236,272.354,243.67,300.106,347.956,359.069,344.809,379.615,444.608
Saint Helena,Total renewable energy,Electricity generation (GWh),,,,,,,,,,,,,,,,,,,,
Sao Tome Prn,Total renewable energy,Electricity generation (GWh),6.8,4.835,6.063,7.892,6.173,4.248,3.768,7.63,7.668,7.261,4.789,6.001,6.386,5.969,6.013,6.04,6.088,6.289,6.311,6.311
Senegal,Total renewable energy,Electricity generation (GWh),27.907,27.746,27.385,27.924,28.163,28.402,28.641,29.114,29.558,30.087,73.616,68.077,62.771,58.249,56.9,67.812,76.009,152.359,334.699,334.699
Seychelles,Total renewable energy,Electricity generation (GWh),0,0,0,0,0,0,0,0,0,0,0,0,0,7.284,8.115,8.431,9.251,9.693,12.358,12.358
Sierra Leone,Total renewable energy,Electricity generation (GWh),16,15,16,16,17.004,19.006,8.007,7.047,9.065,50.099,149.137,153.236,118.893,106.05,184.545,194.068,224.564,247.683,248.293,248.293
Somalia,Total renewable energy,Electricity generation (GWh),0,0,0,0,0,0,0,0,0,0,0,0,3.854,3.854,4.01,5.171,12.191,16.975,17.246,17.246
South Africa,Total renewable energy,Electricity generation (GWh),2377.206,2724.314,1650.434,1160.812,1257.328,1522.981,2543.508,1596.914,1413.465,1627.748,2139.278,2288.207,1666.572,1530.93,2357.359,3698.297,4634.878,6475.042,7932.608,8290.358
South Sudan,Total renewable energy,Electricity generation (GWh),0,0,0,0,0,0,0,0,0,0,0,0,0.24,0.24,0.24,0.24,0.642,0.674,0.827,0.974
Sudan,Total renewable energy,Electricity generation (GWh),1282.636,1346.066,1407.015,1293.015,1246.695,1404.894,1510.338,1600.692,1612.737,3379.401,6338.023,6591.872,6748.273,8466.305,9042.497,8551.347,8189.496,9496.965,9799.168,10340.527
Tanzania,Total renewable energy,Electricity generation (GWh),1872.528,1928.209,1913.171,1815.675,2082.981,1853.71,1513.149,2598.564,2741.92,2737.435,2807.324,2132.106,1915.358,1876.144,2781.953,2315.973,2591.735,2589.955,2480.306,2738.963
Togo,Total renewable energy,Electricity generation (GWh),90,91.77,92,235.936,235.936,235.936,172,180,174.061,219.066,185.184,201.934,165.662,74.643,121.22,58.964,207.181,207.769,211.591,212.571
Tunisia,Total renewable energy,Electricity generation (GWh),88.506,79.748,95.951,201.459,199.231,59.069,131.571,93.689,79.669,178.913,191.573,167.197,314.514,432.328,599.445,586.194,627.359,603.457,648.155,824.085
Uganda,Total renewable energy,Electricity generation (GWh),1606.946,1609.146,1740.93,1802.903,1946.975,1910.02,1219.463,1323.107,1447.883,1328.009,1443.132,1661.413,2615.387,3443.484,3494.525,3393.486,3540.61,3690.482,3941.229,4392.916
Westn Sahara,Total renewable energy,Electricity generation (GWh),,,,,,,,,,,,,,,,,,,,
Zambia,Total renewable energy,Electricity generation (GWh),7836.65,9019.51,8338.018,8348.359,8099.331,8753.973,9869.571,9923.017,9864.031,10601.502,10891.381,11938.354,12419.386,13348.572,14115.251,13110.333,11102.338,12551.241,13775.194,12427.228
Zimbabwe,Total renewable energy,Electricity generation (GWh),3292.586,3100.636,3881.385,5398.696,5590.456,4978.64,5391.675,5448.982,5767.683,5517.125,5865.499,5277.425,5594.518,5186.356,5619.783,5204.483,2943.848,4076.564,5730.231,5731.046
Afghanistan,Total renewable energy,Electricity generation (GWh),457.939,457.939,457.949,458.324,458.651,461.584,659.959,691.79,591.895,753.831,803.319,682.556,764.643,884.596,1000.125,1034.014,1060.53,1086.858,964.984,1192.701
Bangladesh,Total renewable energy,Electricity generation (GWh),1389.01,1293.014,1226.066,1126.85,1067.914,996.402,952.999,759.614,744.181,637.584,898.217,936.48,979.674,916.679,777.081,1008.472,1248.859,1312.523,1197.609,1147.644
Bhutan,Total renewable energy,Electricity generation (GWh),1967.875,1931.99,2129.25,2363.065,2439.865,2499.683,3582.595,5540.86,6761.815,6979.27,6997.677,7066.603,6823.777,7549.885,7164.535,7747.485,7953.885,7729.885,6960.185,8875.105
Brunei Darsm,Total renewable energy,Electricity generation (GWh),0,0,0,0,0,0,0,0,0,0,0.81,1.624,1.667,1.692,1.6,1.293,1.067,1.545,1.569,1.058
Cambodia,Total renewable energy,Electricity generation (GWh),40.136,30.268,29.555,40.985,28.944,44.451,53.294,57.216,53.574,57.314,41.038,69.383,537.464,1033.541,1884.511,2224.729,2647.416,2815.247,4856.771,4250.143
China,Total renewable energy,Electricity generation (GWh),222955.105,278132.112,288812.81,284694.16,354851.608,401113.692,442586.347,496289.938,606278.735,654484.298,780007.569,783048.977,994392.037,1086040.897,1269855.858,1381355.19,1522404.628,1648540.782,1810863.561,1986040.707
China HK SAR,Total renewable energy,Electricity generation (GWh),,,,,,,,,,,,,,,,,,,,
China Mac SAR,Total renewable energy,Electricity generation (GWh),,,,,,,,,,,,,,,,,,,,
Chinese Taipei,Total renewable energy,Electricity generation (GWh),5608.5,6422.5,4394.5,4831.5,5085.5,6013,6214.5,6743.5,6713.5,6291,7076,7389.5,9073,9233,8259.5,8783,11031.5,10694.5,10869.5,13435.999
India,Total renewable energy,Electricity generation (GWh),77580.812,77789.229,76004.549,72609.131,85135.555,98787.334,119298.595,133547.031,139646.563,134720.053,140436.513,157334.039,176361.025,176245.094,199835.46,197630.874,190238.034,209261.835,237056.614,271163.243
Indonesia,Total renewable energy,Electricity generation (GWh),19599.775,22207.324,21022.083,19832.222,20991.451,22678.75,21201.986,24317.482,26377.162,26843.439,34693.4,30524.124,31180.779,35597.312,34510.152,33679.459,39649.097,43200.549,48193.74,47563.2
Japan,Total renewable energy,Electricity generation (GWh),96981,94088,94309,109409,109123,96788,109028,95473,98523,100135,106461,109837,103664,114480,129698,146098,151523,168028,175139,186259
Kazakhstan,Total renewable energy,Electricity generation (GWh),7531,8081,8890,8600,8000,7900.09,7700.19,8201.01,7401.54,6801.81,8025.563,7904.9,7611.295,7758.203,8419.223,9561.709,12079.7,11760.279,11268.507,11758.071
Korea DPR,Total renewable energy,Electricity generation (GWh),10200,10600.035,10620.049,11720.332,12500.432,13132.47,12620.538,13280.592,14068.987,12501.172,13401.577,13202.53,13503.309,13710.269,13664.072,10029.754,12841.029,11945.916,12849.786,11053.656
Korea Rep,Total renewable energy,Electricity generation (GWh),4111,4258,3434,5123,4631,4052,4018,4557,4376,4687,6187.039,7531.367,7558.984,8783.06,8553,10642,15884,18622,23025,27405
Kyrgyzstan,Total renewable energy,Electricity generation (GWh),13682,12430,10787,13004,14094.3,13980.4,13652.5,14004.1,10759.1,10098,11254.6,14309.1,14179,13096.7,13297.6,11092.7,11497.8,14203.5,14318.3,13859.2
Lao PDR,Total renewable energy,Electricity generation (GWh),3687.7,3640,3477.6,3186.5,3355.5,3520.2,3606.503,3384.103,3728.604,3388.911,8457.32,12991.922,12768.922,15522.987,15759.556,16008.373,17610.684,19520.57,21234.951,18972.4
Malaysia,Total renewable energy,Electricity generation (GWh),7564.904,6638.149,5987.149,5663.763,6152.429,6609.039,7036.977,6840.783,8722.943,7964.974,7716.99,8693.29,10847.198,13117.198,14537.667,16723.758,21416.762,28035.801,28829.972,28919.024
Maldives,Total renewable energy,Electricity generation (GWh),0,0,0,0,0,0.018,0.096,0.13,2.599,2.809,2.841,2.869,4.579,5.222,8.653,8.678,12.711,16.761,16.761,22.193
Mongolia,Total renewable energy,Electricity generation (GWh),3.954,5.42,5.42,5.768,5.768,5.768,5.771,6.221,13.417,28.36,45.336,63.024,62.601,123.059,202.55,223.142,253.29,269.391,479.591,664.491
Myanmar,Total renewable energy,Electricity generation (GWh),2012.682,2153.068,2242.308,2215.638,2556.39,3149.091,3492.239,3819.233,4273.269,5455.076,6381.301,7745.062,7966.804,11530.947,10532.584,10875.34,12385.041,13506.729,14968.89,13228.743
Nepal,Total renewable energy,Electricity generation (GWh),1640.31,1819.951,2082.743,2247.273,2395.387,2563.345,2735.964,2877.742,2909.412,2868.815,3082.592,3482.257,3652.394,3624.061,3736.538,3709.572,3950.861,4609.13,4927.227,5710.103
Pakistan,Total renewable energy,Electricity generation (GWh),19433.989,19249.76,21906.436,26217.483,27921.894,29446.649,32517.972,31685.387,30056.143,29643.074,31562.032,31802.426,30931.264,33102.042,34839.307,36865.045,37921.254,36395.848,37195.824,42599.163
Philippines,Total renewable energy,Electricity generation (GWh),18980.48,17092.143,16812.409,17219.607,17971.174,17515.998,19633.449,18112.35,20469.462,19702.23,17390.026,19659.55,20451.003,19487.069,19210.493,20316.884,21364.428,22574.065,22712.81,21443.295
Singapore,Total renewable energy,Electricity generation (GWh),1378.779,1378.779,1378.779,1378.779,1378.779,1378.779,1378.779,1378.779,1379.077,1159.45,1520.249,1550.705,1583.317,1847.183,1992.431,2107.384,2372.206,2242.306,2173.656,2262.456
Sri Lanka,Total renewable energy,Electricity generation (GWh),3208.847,3122.351,2705.975,3324.47,2976.025,3471.134,4655.025,3966.826,4160.422,3924.331,5728.631,4763.279,3482.52,7187.346,6576.218,6389.968,4659.901,4542.385,6999.771,5564.427
Tajikistan,Total renewable energy,Electricity generation (GWh),14060,14200,15200,16400,16339,16967.5,16700,17114,15800,15900,16400,16200,16900,17071,16312,16900,16802.875,17312.075,18573.275,19347.975
Thailand,Total renewable energy,Electricity generation (GWh),6537,6797,8159,8452,7322,7330,9632.611,9951.154,9893.362,10280.236,9022.409,19614.123,20743.273,19942.634,20913.296,22529.442,38469.767,36004.6,42666.77,47243.148
Timor Leste,Total renewable energy,Electricity generation (GWh),0,0,0,0,0.212,0.212,0.212,0.212,1.712,1.712,1.712,1.712,1.712,2.578,2.578,2.578,2.578,2.646,2.646,2.646
Turkmenistan,Total renewable energy,Electricity generation (GWh),3.154,3.154,3.154,3.154,3.154,3.154,3.154,3.154,3.154,3.154,3.154,3.154,3.154,3.154,3.154,3.154,3.154,3.154,3.154,3.154
Uzbekistan,Total renewable energy,Electricity generation (GWh),5879,5959,6186,7620,9010,8630,9160,6400,11360,9330,8100,8100,8100,8101.996,8102.046,8102.176,8104.643,8106.29,5904.127,6467.6
Viet Nam,Total renewable energy,Electricity generation (GWh),14066.983,16309.329,17659.684,17872.777,18024.771,18175.359,19223.148,20931.646,25117.756,30470.089,36682.716,42712.625,56538.601,58589.102,61536.253,57491.289,65255.661,89442.819,85952.551,98282.325
Anguilla,Total renewable energy,Electricity generation (GWh),0,0,0,0,0,0,0,0,0,0,0,0,0.08,0.107,0.874,1.47,2.428,2.314,1.985,2.629
Antigua Barb,Total renewable energy,Electricity generation (GWh),0,0,0,0,0,0,0,0,0,0.158,0.158,0.473,0.473,0.63,0.63,5.355,5.434,5.828,9.608,13.073
Aruba,Total renewable energy,Electricity generation (GWh),0,0,0,0,0,0,0,0,0,16.638,106.247,112.588,135.34,151.277,161.317,176.077,149.691,143.766,147.104,147.104
Bahamas,Total renewable energy,Electricity generation (GWh),0,0,0,0,0,0,0,0.154,0.154,0.308,0.463,0.625,0.949,0.96,1.891,1.986,2.12,2.197,2.131,2.82
Barbados,Total renewable energy,Electricity generation (GWh),0,0.155,0.155,0.155,0.155,0.311,0.311,0.932,0.932,1.243,1.554,2.642,3.419,4.351,10.101,13.986,22.589,31.913,33.467,44.345
Belize,Total renewable energy,Electricity generation (GWh),70.838,88.488,87.833,65.314,68.432,84.363,200.867,200.926,225.549,208.687,340.976,338.644,301.897,335.967,353.709,357.94,376.128,402.79,387.316,247.515
BES Islands,Total renewable energy,Electricity generation (GWh),0,0,0,0,0,0,0,0.7,1.4,1.5,4.9,26.3,32.5,36.7,41.2,40.541,37.941,35.841,45.541,41.641
Br Virgin Is,Total renewable energy,Electricity generation (GWh),0,0,0,0,0,0,0,0,0,0,0.68,1.361,1.361,1.361,1.361,1.459,1.558,1.558,1.558,1.558
Cayman Is,Total renewable energy,Electricity generation (GWh),0,0,0,0,0,0,0,0,0,0,0,0,0,0,0,0,2.245,9.389,15.227,17.124
Costa Rica,Total renewable energy,Electricity generation (GWh),6823.399,6798.101,7319.206,7357.978,7906.866,7881.516,8037.737,8272.289,8742.063,8791.6,8870.583,8906.302,9258.304,8963.901,9103.991,10641.949,10630.043,11214.831,11239.05,11274.074
Cuba,Total renewable energy,Electricity generation (GWh),1033.2,1005.3,1045.2,848.2,876.6,487.3,499.9,534.4,700.203,689.08,554.366,585.09,698.479,959.233,853.957,897.538,914.483,803.217,769.364,911.045
Curacao,Total renewable energy,Electricity generation (GWh),8,71.072,71.072,71.072,71.072,71.072,71.072,71.072,63.072,63.072,63.072,63.072,62.786,119.342,142.456,159.455,140.087,188.125,253.472,228.397
Dominica,Total renewable energy,Electricity generation (GWh),31.714,27.16,36.069,28.663,33.891,28.031,27.983,22.165,21.46,24.077,24.069,36.773,27.7,37.657,31.591,25.393,37.319,28.104,24.953,20.925
Dominican Rep,Total renewable energy,Electricity generation (GWh),1018.043,825.696,1065.631,1464.311,1655.785,1977.729,1850.74,1767.76,1470.726,1539.147,1505.834,1618.032,1976.066,2224.79,1627.628,1367.818,2099.263,2908.32,2747.176,2535.611
El Salvador,Total renewable energy,Electricity generation (GWh),1961.487,2130.262,2132.267,2491.903,2459.296,2809.226,3245.139,3265.701,3731.905,3261.01,3891.58,3848.424,3790.541,3790.555,3806,3560.722,3597.526,4169.573,4224.017,4334.553
Grenada,Total renewable energy,Electricity generation (GWh),0,0,0,0,0,0,0,0,0.337,0.408,0.518,0.666,0.735,1.068,1.165,1.562,2.537,3.309,3.52,3.966
Guadeloupe,Total renewable energy,Electricity generation (GWh),115.619,101.969,131.849,136.001,170.949,211.575,207.078,235.193,220.084,190.895,149.281,203.905,269.006,301.288,319.351,313.674,315.153,360.748,365.204,383.154
Guatemala,Total renewable energy,Electricity generation (GWh),3544.781,2993.999,2809.878,2926.914,3335.356,3680.359,4087.058,3987.478,4553.895,4198.993,4919.221,5156.455,5678.094,6142.217,6553.784,5978.931,6436.82,8041.358,8772.027,8413.137
Haiti,Total renewable energy,Electricity generation (GWh),283,283,260,255,260,265,271,154,181,207,177.441,121.926,222.714,143.182,92.428,85.856,74.073,74.536,102.388,102.563
Honduras,Total renewable energy,Electricity generation (GWh),2278.115,1917.504,1627.646,1784.035,1490.611,1873.884,2273.427,2526.414,2739.159,3201.156,3461.101,3266.469,3494.455,3407.422,3664.245,4512.948,5200.928,6156.966,6746.153,6408.419
Jamaica,Total renewable energy,Electricity generation (GWh),113.228,98.609,138.985,176.723,200.896,224.058,251.016,240.964,236.816,222.824,226.697,273.824,288.666,273.421,294.523,294.508,362.382,477.915,539.891,639.96
Martinique,Total renewable energy,Electricity generation (GWh),0,0,14.5,14.5,16,16,34.3,36,37.6,44,44,54.2,100.3,92.1,108,110.2,112.5,90.256,178.162,380.41
Montserrat,Total renewable energy,Electricity generation (GWh),0,0,0,0,0,0,0,0,0,0,0,0,0,0,0,0,0,0,0,0
Nicaragua,Total renewable energy,Electricity generation (GWh),414.8,450.7,644.77,750.49,810.11,1055.99,941.82,930.47,1194.42,1067.81,1353.3,1299.96,1722.166,2179.781,2424.584,2295.186,2420.17,2531.301,2738.561,2608.952
Panama,Total renewable energy,Electricity generation (GWh),3442.292,2522.389,3419.832,2845.643,3802.879,3747.24,3603.463,3728.726,3996.532,3920.367,4220.007,4125.071,5416.247,5192.654,5185.586,6727.563,7255.098,7945.411,8730.696,6168.224
Puerto Rico,Total renewable energy,Electricity generation (GWh),119.501,119.501,115,119.501,119.501,140.39,119.501,119.501,119.501,120.255,92.672,147.418,119.3,295.7,347.8,389.3,389.2,369.545,237.521,457.352
St Barth,Total renewable energy,Electricity generation (GWh),0,0,0,0,0,0,0,0,0,0,0,0,0,0,0,0,0.041,0.041,0.041,0.041
St Kitts Nevis,Total renewable energy,Electricity generation (GWh),0,0,0,0,0,0,0,0,0,0,5.576,5.433,7.7,8.168,9.874,9.874,10.663,10.663,10.663,10.663
St Lucia,Total renewable energy,Electricity generation (GWh),0,0,0,0,0,0,0,0,0,0.016,0.031,0.031,0.078,0.093,0.155,1.181,1.298,1.298,3.162,3.162
St Maarten,Total renewable energy,Electricity generation (GWh),,,,,,,,,,,,,,,,,,,,
St Martin,Total renewable energy,Electricity generation (GWh),0,0,0,0,0,0,0,0,0,0,0,0,0,2.306,2.635,4.282,2.965,0.165,0.165,0.824
St Vincent Gren,Total renewable energy,Electricity generation (GWh),24,18,22,20,27,26,23.193,22.714,23.673,26.108,24.5,30.912,24.698,23.043,12.202,17.624,16.742,21.144,24.92,26.676
Trinidad Tobago,Total renewable energy,Electricity generation (GWh),20.531,30.039,27.369,13.902,25.579,24.743,29.09,22.285,3.534,3.939,4.408,4.408,4.408,4.408,4.892,5.582,5.582,5.582,4.698,4.698
Turks Caicos,Total renewable energy,Electricity generation (GWh),0,0,0,0,0,0,0,0,0,0,0,0,0,0,0,0.047,0.047,0.296,0.686,1.466
US Virgin Is,Total renewable energy,Electricity generation (GWh),0,0,0,0,0,0,0,0,0,0,0,0.69,0.885,1.52,7.451,13.546,13.602,7.512,7.512,7.512
Armenia,Total renewable energy,Electricity generation (GWh),1261.1,967.7,1657.5,1981.9,2013.6,1772.9,1825.3,1855.4,1798.9,2023.7,2563.1,2494.3,2315.1,2177.2,1996.6,2209.3,2354.35,2273.843,2339.5,2397.8
Azerbaijan,Total renewable energy,Electricity generation (GWh),1534,1301,2020,2469,2755,3009,2518,2364.229,2232.329,2310.629,3447.187,2676,1821.2,1626.4,1478.751,1828.478,2191.81,1976,2052.201,1910.3
Georgia,Total renewable energy,Electricity generation (GWh),5881.3,5535.39,6711.5,6497.2,6027.8,6030.4,5401.6,6831.17,7169.012,7417.005,9374.896,7892.456,7220.512,8271.206,8335.337,8453.764,9338.585,9298.518,10034.032,9017.227
Russian Fed,Total renewable energy,Electricity generation (GWh),164957.994,174862.298,163226.53,157009.578,177144.95,174228.33,175179.082,178876.233,166715.889,176153.401,168497.301,167875.608,167225.261,182826.405,177046.212,169804.219,186357.646,186946.935,193399.525,197725.284
Turkey,Total renewable energy,Electricity generation (GWh),31154.149,24346.446,33966.891,35560.485,46313.228,39750.57,44525.508,36461.349,34426.77,38148.455,55720.482,58109.775,65234.46,69249.339,52632.219,83661.217,90247.698,87238.5,97770.976,132263.834
Albania,Total renewable energy,Electricity generation (GWh),4594,3555.136,3512.272,4885.272,5466.272,5373.272,5431.272,2788.272,3797.272,5201.408,7567.544,4132.767,4725.924,6960.03,4725.629,5896.428,7783.062,4526.179,8553.486,5206.043
Andorra,Total renewable energy,Electricity generation (GWh),80,80,80,80,94,85,74,76,78.7,81,112.7,91.2,87.858,114.683,127.007,99.722,98.777,102.607,135.43,107.864
Austria,Total renewable energy,Electricity generation (GWh),43434.634,42232.465,41894.815,35312.928,39772.315,40884.588,40668.768,43177.482,44530.799,47177.243,44998.339,40908.167,51327.827,50491.402,50186.269,47582.04,51082.238,51055.166,50053.507,54380.114
Belarus,Total renewable energy,Electricity generation (GWh),28,31,30.292,29.373,34.34,37.2,38.586,50.248,73.723,105.122,130.42,138.865,170.378,266.256,254.901,281.102,392.006,754,774.311,1012.991
Belgium,Total renewable energy,Electricity generation (GWh),1044,1075,1138,1192,1496.016,2106.34,2952.218,3486.154,4416.982,5439.008,6630.7,8334.2,10513.3,11731.4,12266.4,14512.4,14352.8,15868.4,17151.9,19515.5
Bosnia Herzg,Total renewable energy,Electricity generation (GWh),5094,5181,5268,4501.116,5979.232,5998.348,5835.348,3989.348,4867.348,6239.348,8026.348,4388.148,4150.205,7238.353,5944.113,5547.277,5620.057,3817.8,6550,6393
Bulgaria,Total renewable energy,Electricity generation (GWh),2631,1651,2116,2995,3139.811,4302.015,4233.334,2876.709,2930.635,3680.262,5763.007,3889.538,5278.401,6880.991,7384.866,8761.571,7044.593,6131.113,9380.442,7509.766
Croatia,Total renewable energy,Electricity generation (GWh),6453.9,7180.4,5851.8,5457.8,7632.6,7060.5,6647,4743,5840.9,7488.092,9298.423,5288.024,5262.25,9275.27,9936.364,7510.195,8362.888,7115.7,9781.3,8346.8
Cyprus,Total renewable energy,Electricity generation (GWh),0,0,0,0,0.807,0.921,1.357,3.098,14.91,31.19,73.118,178.602,257.023,327.145,317.44,399.516,424.638,435.211,477.429,514.752
Czechia,Total renewable energy,Electricity generation (GWh),2283.935,2577.081,2998.132,1879.077,2741.362,3132.604,3520.692,3410.827,3730.933,4654.481,5902.669,7248.174,8064.608,9308.912,9171.636,9421.265,9384.9,9620.849,9425.319,10051.278
Denmark,Total renewable energy,Electricity generation (GWh),5572,5846,6789,8078,9519,9812,9201,10305,10096,10063.2,12429.378,14181.053,14837.429,15967.728,17983.683,18937.051,18390.025,21797.907,20761.113,23082.844
Estonia,Total renewable energy,Electricity generation (GWh),18,18,30,49,60,111,129.799,145.605,197.361,541.633,1043.965,1179.87,1476.923,1220.943,1391.77,1565.548,1587.683,1858.521,1988.802,2142.524
Faroe Islands,Total renewable energy,Electricity generation (GWh),75.3,75.3,97.05,88.68,103,109,115,120.21,108.8,107.4,81,107,110.6,112.4,155.2,189,158.5,170.9,171.9,156.1
Finland,Total renewable energy,Electricity generation (GWh),23378.576,21546.715,19829.865,19065.097,25631.32,23467.573,22465.711,24323.425,27780.596,21698.971,24195.05,24175.732,28560.2,25629.745,26270.968,30527.368,30412.234,31475.174,32138.997,31875.703
France,Total renewable energy,Electricity generation (GWh),69402.939,77738.761,64206.739,63056.525,63940.409,56324.843,62339.645,65908.391,73825.682,69657.938,78196.004,66030.711,85251.97,99429.559,94038.528,91835.722,99000.423,92633.092,113586.271,113112.228
Germany,Total renewable energy,Electricity generation (GWh),35475,37895,44477,46670,57957,63402,72511,89368,94283,95938,105180,124038,143043,152339,162526,188785,189672,216323,224507,242435
Gibraltar,Total renewable energy,Electricity generation (GWh),,,,,,,,,,,,,,,,,,,,
Greece,Total renewable energy,Electricity generation (GWh),4562,3560.1,4240.1,6458.1,6450.618,6999.902,8289.588,5379.842,5750.524,8163.558,10536.438,8143.703,10140.668,14350.158,12178.782,14849.849,14892.834,13801.039,16148.429,16074.679
Holy See,Total renewable energy,Electricity generation (GWh),,,,,,,,,,,,,,,,,,,,
Hungary,Total renewable energy,Electricity generation (GWh),243,257,237,336,935.23,1870.248,1493.11,1883.293,2356.329,2894.865,3020.026,2708.167,2645.839,2787.255,3151.017,3229.034,3258.007,3482,3767,4687
Iceland,Total renewable energy,Electricity generation (GWh),7679,8029,8410,8494,8619.719,8681.283,9926.269,11973.282,16465.09,16832.43,17057.403,17208.303,17546.567,18111.326,18120.698,18796.631,18548.816,19239.802,19831.968,19491.592
Ireland,Total renewable energy,Electricity generation (GWh),1186,1027,1382,1138,1394,1873.432,2474.747,2802.06,3595.347,4117.598,3728.782,5423.594,5256.269,5627.591,6392.147,7861.483,7513.444,8881.688,10198.854,11779.508
Italy,Total renewable energy,Electricity generation (GWh),50879.446,54347.273,48316.358,46865.8,53870.688,48438.592,50635.412,47715.667,58163.557,69254.644,76974.734,82972.557,92231.912,112020.832,120693.074,108918.044,108034.933,103910.332,114427.339,115859.593
Kosovo*,Total renewable energy,Electricity generation (GWh),52,52,52,52,113,112,101,94,76,120,157,104.906,95.579,143.303,151.369,140.286,245.507,180.209,304.436,314.119
Latvia,Total renewable energy,Electricity generation (GWh),2823.574,2839.538,2484.846,2338.638,3196.522,3413.143,2786.536,2828.324,3212.138,3556.191,3635.563,3076.862,4109.233,3534.13,2802.45,2776.725,3480.792,5461.7,3498.595,3192.11
Liechtenstein,Total renewable energy,Electricity generation (GWh),,,,,,,,,,,,,,,,,,,,
Lithuania,Total renewable energy,Electricity generation (GWh),340,328,358,332,428,460,435,581,602.091,684.091,911.091,1112.273,1183,1526,1511,1678,2095,2537.848,2204.6,2469.1
Luxembourg,Total renewable energy,Electricity generation (GWh),170.598,167.692,151.284,141.138,195.231,209.051,245.628,264.556,282.382,267.811,268.032,245.773,308.056,370.171,397.63,430.786,457.203,600.388,684.48,796.261
Malta,Total renewable energy,Electricity generation (GWh),0,0,0,0,0,0.075,0.075,0.075,0.15,0.675,0.68,9.99,25.765,35.555,75.438,102.048,136.25,172.057,197.832,218.059
Moldova Rep,Total renewable energy,Electricity generation (GWh),377,377,377,377,377,377,377,377,389,358,407,356.2,271.692,316.4,335.781,286.631,248.892,317.1,331.7,378.1
Monaco,Total renewable energy,Electricity generation (GWh),,,,,,,,,,,,,,,,,,,,
Montenegro,Total renewable energy,Electricity generation (GWh),0,0,0,0,0,1866,1750.03,1284.235,1539.466,2071.592,2750.774,1204.924,1478.33,2505.637,1754.497,1494.603,1847.324,1125.39,2261.908,1933.974
Netherlands,Total renewable energy,Electricity generation (GWh),2971.01,3302.195,3975.397,3961.849,5306.739,7446.935,8049.957,7582.729,9530.776,10835.016,11196.671,12320.182,12480.856,12105.834,11647.701,13673.943,14777.388,17436.57,18901.501,22731.753
North Macedonia,Total renewable energy,Electricity generation (GWh),1170,626,757,1374,1481.99,1491.78,1649.589,1010.031,840.092,1270.349,2431.497,1434.293,1043.603,1593.017,1291.667,2028.559,2066.558,1296.061,1965.543,1343.807
Norway,Total renewable energy,Electricity generation (GWh),142110.34,120750.34,129702.34,106034.23,109398.23,136526.23,120400.12,134941.12,140361.387,126494.743,117975.199,121909.555,143607,130424.89,137956.67,140086.45,145179.863,145519.061,142937.063,131414.526
Poland,Total renewable energy,Electricity generation (GWh),2332,2783,2767,2250,3207.058,3848.183,4297.886,5475.572,6658.317,8743.895,11104.05,13293.314,17020.706,17154.121,19930.171,22809.389,22831.911,24155.34,21650.744,25492.444
Portugal,Total renewable energy,Electricity generation (GWh),12868,15741,9733,17703,12314.558,8259.837,15722.673,16217.671,14641.608,18291.167,28352.893,24115.172,19371.605,29471.744,31561.03,24371.893,32310.337,22574.643,29419.093,27422.536
Romania,Total renewable energy,Electricity generation (GWh),14778,14923,16049,13262,16517.053,20213.08,18359.899,16003.487,17224.736,15552.991,20300.268,16314.426,14926.233,20148.731,27126.618,26201.111,26969.073,24282.001,26194.582,24635.19
San Marino,Total renewable energy,Electricity generation (GWh),,,,,,,,,,,,,,,,,,,,
Serbia,Total renewable energy,Electricity generation (GWh),9821.278,9887.668,9927.594,8737.309,10620.34,11410.69,10350.526,9463.818,9565.035,10542.642,11892.595,8669.788,9296.219,10229.773,11032.74,10116.38,10864.907,9291.021,10905.825,10507.056
Slovakia,Total renewable energy,Electricity generation (GWh),4615,5081,5420,3581,4126,4676,4803,4934,4563.332,4910.561,5939.942,4999.187,5474,6353,6229,6040,6629,6532,5806,6644
Slovenia,Total renewable energy,Electricity generation (GWh),3904.721,3867.738,3414.565,3079.286,4215.13,3575,3703.06,3379.408,4307.6,4906.563,4749.098,3880.62,4328.974,5110.743,6610.582,4354.364,5057.671,4447.847,5232.766,5039.621
Spain,Total renewable energy,Electricity generation (GWh),34490,49295,33170,55762,50137.743,42269.979,52154.968,58290.208,62143.147,74080,97776.2,87522.13,86961.884,111405.121,110268.19,97088.714,104632.347,87924.26,103885.26,100968.261
Sweden,Total renewable energy,Electricity generation (GWh),83140.418,83320.519,71144.671,58730.821,68186.306,81231.05,71067.804,77424.509,81408.318,79810.022,82085.488,84088.1,98309.1,82688.256,85741.067,102496.582,89126.944,95058.1,91153.1,98933.1
Switzerland,Total renewable energy,Electricity generation (GWh),37691,42206,36104,35735,34751,32279,32141,36478,37326,37034,37472,34017,40527,40676,40669,41110,37809,37762,38878,42238
UK,Total renewable energy,Electricity generation (GWh),12664,9548.638,11127.694,10618.992,14138.115,16937.63,18105.905,19689.139,21846.747,25244.513,26182.131,35213.277,41249.64,53215.404,64523.368,82576.308,82981.245,98871.273,110038.116,120505.012
Ukraine,Total renewable energy,Electricity generation (GWh),11280,12048,9649,9269,11786,12399.9,12920.2,10468.3,11705.2,11602.7,12876.5,10684.5,11234.2,15115.8,10887.454,7819.492,9948.896,12147.771,13759.507,12834.417
EU 28,Total renewable energy,Electricity generation (GWh),422801.032,436553.923,404705.392,411668.433,457981.378,463756.305,488935.44,519883.32,565617.866,599127.74,682048.547,682490.085,771842.586,862485.979,904232.286,941303.781,956808.608,976468.783,1054204.529,1101890.389
Bahrain,Total renewable energy,Electricity generation (GWh),0,0,0,0,0,0,0,0,1.2,1.2,1.2,1.2,2.025,2.025,9.45,9.45,9.45,9.45,9.45,9.45
Iran IR,Total renewable energy,Electricity generation (GWh),3686.542,5090.664,8080.289,11121.629,10673.347,16155.91,18294.393,18127.993,4948.951,7435.181,9742.722,12294.179,12674.531,14701.266,14107.031,14347.057,16710.054,15467.515,16596.733,16202.38
Iraq,Total renewable energy,Electricity generation (GWh),611,618,649,433,493,4964,4970,4548,3485,3229.348,4768.348,4142.348,4394.498,4805.45,2990.45,2605.79,3430.887,2235.736,2196.595,5342.157
Israel,Total renewable energy,Electricity generation (GWh),31,10,32,43,39,40.7,27.21,40.892,55.032,114.492,218.199,421.859,495.885,618.169,967.842,1373.367,1713.967,1692.567,1755.767,3427.996
Jordan,Total renewable energy,Electricity generation (GWh),45,51,61,50,62,65,60,74,74,69,73,66.049,70.102,63.422,66.989,232.938,872.273,1419.173,2161.773,3001.473
Kuwait,Total renewable energy,Electricity generation (GWh),0,0,0,0,0,0,0,0,0,0,0,0.011,0.011,0.182,3.278,5.09,48.814,53.214,55.174,62.18
Lebanon,Total renewable energy,Electricity generation (GWh),677.89,677.89,677.89,1363.4,1121.475,1046.284,694.463,585.502,373.435,614.114,839.777,805.992,1189.669,1051.417,216.393,512.161,434.562,486.218,457.448,966.988
Oman,Total renewable energy,Electricity generation (GWh),0,0,0,0,0,0,0,0,0,0,0,0,0,1.326,1.326,4.175,4.196,15.56,15.712,16.555
Palestine,Total renewable energy,Electricity generation (GWh),0,0,0,0,0,0,0,0,0,0,0,0,1,2,3,9.25,42.5,45.63,60.276,120.276
Qatar,Total renewable energy,Electricity generation (GWh),0,0,0,0,0,0,0,0,0,0,0,115.938,115.938,118.595,121.35,121.35,123.208,123.208,123.208,123.208
Saudi Arabia,Total renewable energy,Electricity generation (GWh),0.609,0.609,0.609,0.609,0.609,0.609,0.609,0.609,0.609,0.609,4.089,5.392,25.637,42.475,45.881,45.881,45.881,69.854,218.774,834.55
Syrian AR,Total renewable energy,Electricity generation (GWh),3264.479,3443.479,2484.479,2791.479,4209.53,4359.53,3979.53,3512.53,2903.53,1900.53,2626.53,3317.53,3271.53,3034.53,2374.53,447.53,963.53,788.754,790.954,792.872
United Arab Em,Total renewable energy,Electricity generation (GWh),0,0,0,0,0,0,0,0,0,6.354,17.164,18.232,18.92,77.33,303.936,304.347,320.378,745.189,1314.68,3793.649
Yemen,Total renewable energy,Electricity generation (GWh),0,0,0,0,0,0,0,0,1.832,1.93,1.951,2.491,2.647,4.588,9.685,116.22,549,732,732,732
Bermuda,Total renewable energy,Electricity generation (GWh),,,,,,,,,,,,,,,,,,,,
Canada,Total renewable energy,Electricity generation (GWh),366993,342265,360012,347332,350599,371381,363056,378468,388488,383340,369445,395675,402187,421251,415910,421186,430044,441055,433242,427296
Greenland,Total renewable energy,Electricity generation (GWh),178.5,164.22,178.5,187.68,195.84,206.94,199.8,208.8,207.62,265.225,296,338,344.563,377.502,396.359,422.857,400.912,376,406.21,389.21
Mexico,Total renewable energy,Electricity generation (GWh),40655.576,36519.61,32744.636,28601.455,34283.2,38105.779,39526.808,37373.007,47260.687,34670.192,45771.713,45097.351,42380.276,39555.866,52858.355,47510.858,48936.724,51645.944,56757.261,56055.281
St Pierre Mq,Total renewable energy,Electricity generation (GWh),0,0,0,0,0,0,0,0,1.8,1.8,1.8,1.8,1.8,1.8,0,0,0,0,0,0
USA,Total renewable energy,Electricity generation (GWh),330364,260426,348137,360433,357987,366205,395209,361815,391023,428696,440677,528962,512822,541802.001,560657.001,568439.001,637076.011,718174.011,743177.011,767035.011
Amer Samoa,Total renewable energy,Electricity generation (GWh),0,0,0,0,0,0,0,0,0,0,0,0.267,1.409,2.419,2.363,2.494,3.125,4.832,4.832,4.832
Australia,Total renewable energy,Electricity generation (GWh),17590.1,18162.1,17874.1,18619.1,18683.1,20103.1,21642,21013.001,19726.001,18602.001,21721.001,26273.001,26318.001,32704.001,36112.001,33423.001,37151.001,40207.001,44415.001,51658.001
Christmas Is,Total renewable energy,Electricity generation (GWh),,,,,,,,,,,,,,,,,,,,
Cocos Is,Total renewable energy,Electricity generation (GWh),,,,,,,,,,,,,,,,,,,,
Cook Is,Total renewable energy,Electricity generation (GWh),0.061,0.061,0.061,0.062,0.085,0.085,0.067,0.063,0.061,0.061,0.061,0.061,0.061,0.574,1.447,3.472,5.81,7.008,16.426,15.363
Fiji,Total renewable energy,Electricity generation (GWh),512.696,548.908,562.63,442.127,475.759,444.762,457.232,602.105,593.778,543.934,491.573,540.286,598.327,593.077,489.485,486.63,553.631,569.164,666.42,664.354
Fr Polynesia,Total renewable energy,Electricity generation (GWh),148.349,155.192,120.527,124.918,157.271,149.131,162.256,177.109,161.131,158.213,215.666,184.813,174.093,170.092,194.331,198.99,216.982,212.066,202.421,200.413
Guam,Total renewable energy,Electricity generation (GWh),0,0,0,0,0,0,0,0,0,0.082,0.164,0.245,0.573,1.473,2.618,30.88,66.76,60.132,68.462,68.462
Kiribati,Total renewable energy,Electricity generation (GWh),0.105,0.105,0.105,0.105,0.343,0.404,0.421,0.443,0.458,0.45,0.662,0.72,0.788,0.848,1.273,3.902,4.837,4.837,4.837,4.837
Marshall Is,Total renewable energy,Electricity generation (GWh),0.054,0.054,0.054,0.054,0.095,0.095,0.095,0.095,0.202,0.365,0.432,0.432,0.648,0.891,1.269,1.269,1.494,1.831,1.852,1.852
Micronesia,Total renewable energy,Electricity generation (GWh),3.752,3.752,3.752,0.143,0.143,0.143,0.143,0.257,0.336,0.755,0.755,0.755,0.755,0.978,1.613,2.57,3.582,3.639,4.252,4.252
Nauru,Total renewable energy,Electricity generation (GWh),0,0,0,0,0,0,0.051,0.051,0.051,0.053,0.048,0.054,0.09,0.27,0.27,0.238,0.288,1.259,1.187,1.343
New Caledon,Total renewable energy,Electricity generation (GWh),449.053,374.047,328.974,328.213,337.399,357.343,317.183,427.878,496.465,440.593,319.819,425.443,459.528,513.693,351.385,408.989,288.929,434.255,409.485,458.044
New Zealand,Total renewable energy,Electricity generation (GWh),28062,25150,28227,26901,30840,27598,28114,28687,28174,31158,32859,33913,31911,32330,34596,35571,36936,35978,37030,36614
Niue,Total renewable energy,Electricity generation (GWh),0,0,0,0,0,0,0,0,0,0.071,0.071,0.071,0.071,0.071,0.469,0.469,0.469,0.469,0.469,0.469
Norfolk Is,Total renewable energy,Electricity generation (GWh),,,,,,,,,,,,,,,,,,,,
Nth Mariana Is,Total renewable energy,Electricity generation (GWh),,,,,,,,,,,,,,,,,,,,
Palau,Total renewable energy,Electricity generation (GWh),0.005,0.005,0.005,0.005,0.005,0.043,0.043,0.043,0.378,0.378,0.391,0.773,0.894,0.998,1.219,1.219,1.715,1.715,2.251,2.338
Papua N Guin,Total renewable energy,Electricity generation (GWh),764.746,764.924,764.508,815.368,811.754,872.275,879.113,1100.834,1183.121,1233.997,1195.939,1311.87,1326.467,1333.146,1312.214,1315.076,1317.251,1318.666,1319.785,1321.294
Pitcairn,Total renewable energy,Electricity generation (GWh),,,,,,,,,,,,,,,,,,,,
Samoa,Total renewable energy,Electricity generation (GWh),47.64,52.069,52.755,51.131,54.874,56.701,50.546,51.824,45.01,44.179,40.496,30.988,34.585,32.103,33.364,40.77,46.464,55.428,68.531,72.965
Solomon Is,Total renewable energy,Electricity generation (GWh),0.817,0.817,0.894,0.894,0.97,0.97,1.493,2.594,3.132,3.461,2.736,4.288,4.288,4.526,5.77,6.325,7.267,7.809,6.542,7.107
Tokelau,Total renewable energy,Electricity generation (GWh),0.022,0.022,0.022,0.022,0.022,0.022,0.022,0.022,0.022,0.022,0.022,0.022,0.549,1.077,1.12,1.12,1.12,1.226,1.226,1.226
Tonga,Total renewable energy,Electricity generation (GWh),0.078,0.078,0.114,0.114,0.114,0.114,0.151,0.151,0.151,0.163,0.163,0.163,1.178,2.883,3.75,4.578,5.33,6.16,7.226,8.696
Tuvalu,Total renewable energy,Electricity generation (GWh),0.008,0.008,0.008,0.008,0.008,0.008,0.008,0.008,0.063,0.092,0.092,0.092,0.092,0.194,0.185,0.808,1.98,1.984,1.984,1.984
Vanuatu,Total renewable energy,Electricity generation (GWh),1,1,1,1,1,1,1,1,2.281,8.46,12.127,11.256,15.791,23.718,18.019,19.975,15.819,16.545,19.111,22.572
Wallis Fut Is,Total renewable energy,Electricity generation (GWh),,,,,,,,,,,,,,,,,,,,
Argentina,Total renewable energy,Electricity generation (GWh),29354.342,37583.109,36676.413,34803.937,31124.834,35124.218,39440.299,32643.021,31893.539,35520.452,34512.937,32565.987,30698.794,34722.709,34200.684,35861.588,31471.347,41360.608,42438.809,42728.209
Bolivia,Total renewable energy,Electricity generation (GWh),1931.04,2160.199,2219.053,2003.132,2200.067,2015.622,2206.786,2432.857,2423.286,2409.276,2287.611,2461.023,2466.589,2648.781,2412.094,2660.041,1936.6,2422.72,2967.142,3726.88
Brazil,Total renewable energy,Electricity generation (GWh),312259.639,276901.407,296379.347,317571.463,333332.964,351192.75,363888.118,392741.349,390525.657,415101.936,437409.289,463666.565,456159.802,438547.45,432745.241,431313.389,465822.675,467028.708,495300.265,515448.649
Chile,Total renewable energy,Electricity generation (GWh),19487,23136,24250,23555,24079,28323,30622,25894,27372,29699,24298,26049.857,25440.867,26059.928,30349.001,32872,34318.999,34991.797,38514.567,37309.102
Colombia,Total renewable energy,Electricity generation (GWh),31874.837,33264.316,35529.049,38074.644,40806.014,41962.977,43318.264,44941.842,46838.004,41748.98,41597.423,49793.323,49028.112,45520.932,46118.024,46140.59,48268.788,58928.46,58434.635,56460.576
Ecuador,Total renewable energy,Electricity generation (GWh),7611.232,7070.653,7524.256,7180.417,7414.941,6985.507,7275.064,9257.388,11504.366,9445.139,8875.398,11414.691,12536.922,11395.099,11953.653,13638.984,16446.004,20658.188,21224.307,25263.335
Falklands Malv,Total renewable energy,Electricity generation (GWh),1,1,1,1,1,1,1,4.85,5.15,5.15,5.252,6.179,6.737,6.426,6.442,6.477,7.374,6.52,6.773,6.669
Fr Guiana,Total renewable energy,Electricity generation (GWh),409.064,422.816,422.816,343.064,417.064,432.118,545.171,504.171,507.171,358.471,477.171,517.371,623.671,550.971,568.071,563.171,503.428,630.274,601.895,477.688
Guyana,Total renewable energy,Electricity generation (GWh),41.398,42.197,49.335,47.226,48.17,40.823,41.147,43.743,37.187,71.983,93.327,92.097,70.713,85.154,79.887,65.665,85.566,87.631,90.957,94.387
Paraguay,Total renewable energy,Electricity generation (GWh),53481.4,45308.56,48203.82,51762.23,51980.15,51158.488,53775.177,53716.077,55456.928,54940.788,54066.61,57625.932,60233.412,60505.995,55415.449,55889.048,63939.752,59824.385,59344.12,49581.735
South Georgia,Total renewable energy,Electricity generation (GWh),0,0,0,0,0,0,0,0,0,0,0,0,0,0,0,0.572,0.663,0.485,0.695,0.751
Peru,Total renewable energy,Electricity generation (GWh),16306.198,17722.864,18200.57,18702.266,17670.79,18161.87,19764.683,19705.146,19253.766,20115.82,20289.563,21783.301,22649.888,22990.833,23191.712,24545.41,26034.814,30814.756,33482.685,34413.797
Suriname,Total renewable energy,Electricity generation (GWh),1226,1228,856,772,739,640,753.7,890.6,1000,1175.885,1065.216,1368.765,1112.895,838.693,564.195,487.802,798.969,942.857,1018.307,971.857
Uruguay,Total renewable energy,Electricity generation (GWh),7077.94,9221.045,9562.531,8556.821,4808.021,6708.077,3583.7,8156.543,5408.174,6041.851,9586.368,7721.325,6855.85,9806.362,12308.238,12800.783,13421.216,14114.029,14231.867,15775.457
Venezuela,Total renewable energy,Electricity generation (GWh),70810.876,70768.011,66931.634,66931.634,74288.262,77236.78,81551.38,83168.44,86852.2,85968.72,76779.098,83270.85,81916.712,81595.4,86419.1,76097.912,76098.444,51163.819,25277.65,15208.225
